Date,Symbol,Headline,Summary,Link,Source
2026-04-15,HNB.N0000,"SRI LANKA STOCKS CLOSE UP, TURNOVER RS3BN","ECONOMYNEXT – THE COLOMBO STOCK EXCHANGE CLOSED UP ON WEDNESDAY, DATA FROM CSE SHOWED. THE ALL SHARE WAS UP 0.60 PERCENT, OR 132.82 POINTS AT 22,261.48. THE S&P SL20 WAS UP 0.57 PERCENT, OR 35.02 POIN",https://economynext.com/sri-lanka-stocks-close-up-turnover-rs3bn/-/267160/,Alt_News
2026-04-15,MELS.N0000,"SRI LANKA STOCKS CLOSE UP, TURNOVER RS3BN","ECONOMYNEXT – THE COLOMBO STOCK EXCHANGE CLOSED UP ON WEDNESDAY, DATA FROM CSE SHOWED. THE ALL SHARE WAS UP 0.60 PERCENT, OR 132.82 POINTS AT 22,261.48. THE S&P SL20 WAS UP 0.57 PERCENT, OR 35.02 POIN",https://economynext.com/sri-lanka-stocks-close-up-turnover-rs3bn/-/267160/,Alt_News
2026-04-11,NDB.N0000,DEPOSITS AT NDB SECURE AND UNAFFECTED BY FRAUD – CBSL REASSURES PUBLIC,NATIONAL DEVELOPMENT BANK PLC – SUBSEQUENT UPDATE ON INTERNAL FRAUD THE CENTRAL BANK OF SRI LANKA (CBSL) WISHES TO INFORM THE PUBLIC THAT IT HAS BEEN CLOSELY MONITORING DEVELOPMENTS RELATING TO NATION,http://bizenglish.adaderana.lk/deposits-at-ndb-secure-and-unaffected-by-fraud-cbsl-reassures-public/,Alt_News
2026-04-10,COMB.N0000,COMBANK ACCELERATES CASHLESS PUBLIC TRANSPORT WITH NCG EXPRESS PARTNERSHIP,"IN A SIGNIFICANT COMMITMENT OF SUPPORT TO EFFORTS TO MODERNISE SRI LANKA’S PUBLIC PASSENGER TRANSPORT SYSTEM, THE COMMERCIAL BANK OF CEYLON HAS PARTNERED WITH NCG EXPRESS TO INTRODUCE FULLY DIGITAL BU",http://bizenglish.adaderana.lk/combank-accelerates-cashless-public-transport-with-ncg-express-partnership/,Alt_News
2026-04-10,NDB.N0000,"SRI LANKA STOCKS TREND UP, NDB LISTS SHARES FROM SCRIP DIVIDEND","NATIONAL DEVELOPMENT BANK SAID 5,308,377 ORDINARY VOTING SHARES HAVE BEEN LISTED 
",https://economynext.com/sri-lanka-stocks-trend-up-ndb-lists-shares-from-scrip-dividend/-/266957/,Alt_News
2026-04-10,NDB.N0000,NDB CONTINUES TO OPERATE WITH CAPITAL & LIQUIDITY LEVELS WELL ABOVE MINIMUM REGULATORY REQUIREMENTS: CBSL,"THE CENTRAL BANK OF SRI LANKA (CBSL) SAYS IT HAS BEEN CLOSELY MONITORING DEVELOPMENTS AT NATIONAL DEVELOPMENT BANK PLC (NDB) FOLLOWING THE RECENT DISCLOSURE OF AN INTERNAL FRAUD. ACCORDING TO CBSL, AS",https://www.lankabusinessonline.com/2026/04/10/ndb-continues-to-operate-with-capital-liquidity-levels-well-above-minimum-regulatory-requirements-cbsl/,Alt_News
2026-04-10,NDB.N0000,FITCH DOWNGRADES NATIONAL DEVELOPMENT BANK’S NATIONAL RATING TO ‘A-(LKA)’; OUTLOOK NEGATIVE,FITCH RATINGS HAS DOWNGRADED NATIONAL DEVELOPMENT BANK PLC’S (NDB) NATIONAL LONG-TERM RATING TO ‘A-(LKA)’ FROM ‘A(LKA)’. THE OUTLOOK IS NEGATIVE. FITCH HAS ALSO DOWNGRADED THE RATING ASSIGNED TO NDB’S,https://www.lankabusinessonline.com/2026/04/10/fitch-downgrades-national-development-banks-national-rating-to-a-lka-outlook-negative/,Alt_News
2026-04-10,NDB.N0000,FITCH DOWNGRADES NATIONAL DEVELOPMENT BANK’S NATIONAL RATING TO ‘A-(LKA)’; OUTLOOK NEGATIVE,FITCH RATINGS HAS DOWNGRADED NATIONAL DEVELOPMENT BANK PLC’S (NDB) NATIONAL LONG-TERM RATING TO ‘A-(LKA)’ FROM ‘A(LKA)’. THE OUTLOOK IS NEGATIVE. FITCH HAS ALSO DOWNGRADED THE RATING ASSIGNED TO NDB’S,http://bizenglish.adaderana.lk/fitch-downgrades-national-development-banks-national-rating-to-a-lka-outlook-negative/,Alt_News
2026-04-09,HAYL.N0000,HAYLEYS SOLAR COMPLETES 800KW SOLAR PROJECT FOR LSEG IN SRI LANKA,"HAYLEYS SOLAR, SRI LANKA’S NO.1 SOLAR SOLUTIONS PROVIDER, HAS SUCCESSFULLY COMPLETED AN 800KW ROOFTOP INSTALLATION FOR LONDON STOCK EXCHANGE GROUP (LSEG), MARKING A SIGNIFICANT MILESTONE IN THE COUNTR",http://bizenglish.adaderana.lk/hayleys-solar-completes-800kw-solar-project-for-lseg-in-sri-lanka/,Alt_News
2026-04-09,NDB.N0000,"SRI LANKA STOCKS TREND DOWN, NDB PICKS UP","NATIONAL DEVELOPMENT BANK AMONG TOP POSITIVE CONTRIBUTORS TO THE ASPI 
",https://economynext.com/sri-lanka-stocks-trend-down-ndb-picks-up/-266858/,Alt_News
2026-04-09,NDB.N0000,"SRI LANKA STOCKS TREND DOWN, NDB PICKS UP","NATIONAL DEVELOPMENT BANK AMONG TOP POSITIVE CONTRIBUTORS TO THE ASPI 
",https://economynext.com/sri-lanka-stocks-trend-down-ndb-picks-up/-/266858/,Alt_News
2026-04-08,COMB.N0000,SRI LANKA STOCKS PICK UP AMIDST CEASEFIRE ANNOUNCEMENT,"ECONOMYNEXT – SRI LANKA’S COLOMBO STOCK EXCHANGE OPENED UP ON WEDNESDAY, AS A CEASEFIRE BETWEEN THE US AND IRAN WAS ANNOUNCED. THE ASPI WAS UP 4.09 PERCENT, OR 859.51 POINTS, AT 21,891.97. THE S&P SL2",https://economynext.com/sri-lanka-stocks-pick-up-amidst-ceasefire-announcement/-266664/,Alt_News
2026-04-08,COMB.N0000,SRI LANKA STOCKS PICK UP AMIDST CEASEFIRE ANNOUNCEMENT,"ECONOMYNEXT – SRI LANKA’S COLOMBO STOCK EXCHANGE OPENED UP ON WEDNESDAY, AS A CEASEFIRE BETWEEN THE US AND IRAN WAS ANNOUNCED. THE ASPI WAS UP 4.09 PERCENT, OR 859.51 POINTS, AT 21,891.97. THE S&P SL2",https://economynext.com/sri-lanka-stocks-pick-up-amidst-ceasefire-announcement/-/266664/,Alt_News
2026-04-08,DIAL.N0000,"DIALOG LAUNCHES ‘GANUDENU QR’, MAKING CASHLESS TRANSFERS FREE FOR ALL WITH EZ CASH AND DIALOG FINANCE","DIALOG AXIATA PLC, SRI LANKA’S #1 CONNECTIVITY PROVIDER, CONTINUES TO SHAPE SRI LANKA’S DIGITAL FUTURE BY INTRODUCING ‘GANUDENU QR’, A QR-BASED PAYMENT SOLUTION AVAILABLE VIA THE MYDIALOG APP. ENABLIN",http://bizenglish.adaderana.lk/dialog-launches-ganudenu-qr-making-cashless-transfers-free-for-all-with-ez-cash-and-dialog-finance/,Alt_News
2026-04-07,COMB.N0000,COMMERCIAL BANK SCALES ‘COMBANK SHAKTHI’ AGENCY BANKING NETWORK TO 26 STRATEGIC LOCATIONS,THE COMMERCIAL BANK OF CEYLON HAS FURTHER STRENGTHENED ITS FOCUS ON DELIVERING A SUPERIOR CUSTOMER EXPERIENCE WITH THE EXPANSION OF ITS ‘COMBANK SHAKTHI’ AGENCY BANKING NETWORK BY 22 NEW OUTLETS ACROS,http://bizenglish.adaderana.lk/commercial-bank-scales-combank-shakthi-agency-banking-network-to-26-strategic-locations/,Alt_News
2026-04-07,DFCC.N0000,DFCC BANK’S TECHNOVATION RECOGNITION SIGNALS A DEEPER SHIFT IN DIGITAL BANKING,"OVER THE PAST FEW YEARS, SOMETHING SUBTLE HAS CHANGED IN HOW PEOPLE INTERACT WITH THEIR BANKS. WHAT USED TO BE A SERIES OF STEPS – VISITING A BRANCH, FILLING OUT FORMS, WAITING FOR CONFIRMATIONS, IS I",http://bizenglish.adaderana.lk/dfcc-banks-technovation-recognition-signals-a-deeper-shift-in-digital-banking/,Alt_News
2026-04-07,NDB.N0000,"SRI LANKA STOCKS CLOSE DOWN 0.45-PCT, LED BY BANKS","NATIONAL DEVELOPMENT BANK (DOWN 15.13 PERCENT AT RS.110.75) WAS THE TOP NEGATIVE CONTRIBUTOR TO ASPI
",https://economynext.com/sri-lanka-stocks-close-down-0-45-pct-led-by-banks/-266577/,Alt_News
2026-04-07,NDB.N0000,"SRI LANKA STOCKS DOWN IN MIDDAY TRADE, NDB TRADING HALT LIFTED","NATIONAL DEVELOPMENT BANK (DOWN 11.88 PERCENT AT RS.115.00) WAS THE TOP NEGATIVE CONTRIBUTOR TO ASPI.
",https://economynext.com/sri-lanka-stocks-down-in-midday-trade-ndb-trading-halt-lifted/-266484/,Alt_News
2026-04-07,NDB.N0000,"SRI LANKA STOCKS CLOSE DOWN 0.45-PCT, LED BY BANKS","NATIONAL DEVELOPMENT BANK (DOWN 15.13 PERCENT AT RS.110.75) WAS THE TOP NEGATIVE CONTRIBUTOR TO ASPI
",https://economynext.com/sri-lanka-stocks-close-down-0-45-pct-led-by-banks/-/266577/,Alt_News
2026-04-07,NDB.N0000,"SRI LANKA STOCKS DOWN IN MIDDAY TRADE, NDB TRADING HALT LIFTED","NATIONAL DEVELOPMENT BANK (DOWN 11.88 PERCENT AT RS.115.00) WAS THE TOP NEGATIVE CONTRIBUTOR TO ASPI.
",https://economynext.com/sri-lanka-stocks-down-in-midday-trade-ndb-trading-halt-lifted/-/266484/,Alt_News
2026-04-06,JKH.N0000,CITY OF DREAMS AND JOHN KEELLS FOUNDATION COMPLETE SCREENING OF LOCAL TALENT FOR LA BAMBA – SONG OF VERACRUZ!,"THE INNOVATIVE SEARCH FOR SRI LANKA’S MUSICAL THEATRE TALENTS FOR AN INTERNATIONAL PRODUCTION HAS SUCCESSFULLY CONCLUDED, WITH A PROMISING GROUP OF CHILDREN AND ADULTS SELECTED TO FORM THE LOCAL CAST ",http://bizenglish.adaderana.lk/city-of-dreams-and-john-keells-foundation-complete-screening-of-local-talent-for-la-bamba-song-of-veracruz/,Alt_News
2026-04-06,NDB.N0000,NDB REPORTS INTERNAL FRAUD TO CBSL; CUSTOMER ACCOUNTS UNAFFECTED,THE CENTRAL BANK OF SRI LANKA (CBSL) STATED THAT THE NATIONAL DEVELOPMENT BANK PLC (NDB) HAS INFORMED CBSL OF AN INTERNAL FRAUD THAT COULD RESULT IN A SIGNIFICANT FINANCIAL LOSS. CBSL FURTHER NOTED TH,https://www.lankabusinessonline.com/2026/04/06/ndb-reports-internal-fraud-to-cbsl-customer-accounts-unaffected/,Alt_News
2026-04-06,NDB.N0000,"NDB INFORMS CBSL OF INTERNAL FRAUD; DEPOSITS SAFE, RATIOS WITHIN LIMITS",THE NATIONAL DEVELOPMENT BANK PLC (NDB) HAS INFORMED THE CENTRAL BANK OF SRI LANKA (CBSL) THAT IT HAS UNCOVERED AN INTERNAL FRAUD THAT COULD LEAD TO A SIGNIFICANT LOSS BEING INCURRED. CBSL HAS ALSO BE,http://bizenglish.adaderana.lk/ndb-alerts-cbsl-on-internal-fraud-central-bank-says-capital-liquidity-remain-strong/,Alt_News
2026-04-06,NDB.N0000,NDB ADDRESSES FRAUD INCIDENT AND REINFORCES FINANCIAL STRENGTH AND STABILITY,"NATIONAL DEVELOPMENT BANK PLC (BANK) WISHES TO PROVIDE A FURTHER UPDATE ON THE PREVIOUSLY DISCLOSED FRAUD INCIDENT, WITH A CLEAR ASSURANCE TO CUSTOMERS AND ALL STAKEHOLDERS. THE BANK REITERATES, THAT ",http://bizenglish.adaderana.lk/ndb-addresses-fraud-incident-and-reinforces-financial-strength-and-stability/,Alt_News
2026-04-03,COMB.N0000,COMBANK AT THE FOREFRONT OF DIGITAL BANKING EXCELLENCE WITH TOP HONOURS AT LANKAPAY TECHNNOVATION AWARDS 2026,"SECURES OVERALL GOLD IN A TOTAL OF SIX PRESTIGIOUS AWARDS, REAFFIRMING LEADERSHIP IN DIGITAL TRANSFORMATION THE COMMERCIAL BANK OF CEYLON HAS REINFORCED ITS LEADERSHIP IN DIGITAL PAYMENTS AND FINANCIA",http://bizenglish.adaderana.lk/combank-at-the-forefront-of-digital-banking-excellence-with-top-honours-at-lankapay-technnovation-awards-2026/,Alt_News
2026-04-03,DFCC.N0000,DFCC BANK CHAMPIONS WOMEN’S EMPOWERMENT THROUGH “RIDE FOR LIFE: RIDE FOR HER” ,"ON A RECENT MARCH MORNING IN COLOMBO, KANDY, AND GALLE, GROUPS OF CYCLISTS MOVED THROUGH THE STREETS, NOT AS A RACE OR SPECTACLE, BUT AS A STATEMENT. IT WAS DFCC BANK’S “RIDE FOR LIFE” – THIS TIME CEN",http://bizenglish.adaderana.lk/dfcc-bank-champions-womens-empowerment-through-ride-for-life-ride-for-her/,Alt_News
2026-04-03,JKH.N0000,VAUXHALL DSTRCT BY JOHN KEELLS PROPERTIES SETS NEW BENCHMARK WITH 200 APARTMENTS SOLD IN JUST TWO WEEKS,"COLOMBO’S REAL ESTATE MARKET WITNESSED A REMARKABLE MILESTONE AS JOHN KEELLS PROPERTIES (JKP) ANNOUNCED THAT ITS LATEST RESIDENTIAL DEVELOPMENT, VAUXHALL DSTRCT, ACHIEVED OVER 200 APARTMENT SALES WITH",http://bizenglish.adaderana.lk/vauxhall-dstrct-by-john-keells-properties-sets-new-benchmark-with-200-apartments-sold-in-just-two-weeks/,Alt_News
2026-04-03,NDB.N0000,STATEMENT FROM NDB BANK,NATIONAL DEVELOPMENT BANK PLC (NDB BANK) CONFIRMS THAT IT HAS IDENTIFIED A FRAUDULENT ACTIVITY INVOLVING INTERNAL PERSONNEL ACTING IN COLLUSION WITH EXTERNAL PARTIES. THE MATTER HAS BEEN PROMPTLY REPO,http://bizenglish.adaderana.lk/statement-from-ndb-bank/,Alt_News
2026-04-02,HAYL.N0000,HAYLEYS MOBILITY UNVEILS KAIYI FLAGSHIP STORE IN COLOMBO,"HAYLEYS MOBILITY LIMITED, THE MOBILITY ARM OF HAYLEYS FENTONS LIMITED, HAS OFFICIALLY OPENED ITS KAIYI FLAGSHIP STORE AT NO. 75 ARNOLD RATNAYAKE MAWATHA, COLOMBO 10, OFFERING CUSTOMERS A NEW, CONVENIE",http://bizenglish.adaderana.lk/hayleys-mobility-unveils-kaiyi-flagship-store-in-colombo/,Alt_News
2026-04-02,SAMP.N0000,SAMPATHCARDS UNVEILS ‘SWIPE A MEMORY FOR LIFE’ THIS AVURUDU WITH UP TO 60% SAVINGS,"SAMPATH BANK USHERS IN THE SPIRIT OF AVURUDU WITH THE RETURN OF ITS MUCH-ANTICIPATED SAMPATHCARDS SEASONAL CAMPAIGN, BRINGING TOGETHER EXCEPTIONAL SAVINGS AND MEMORABLE EXPERIENCES FOR CARDHOLDERS ACR",http://bizenglish.adaderana.lk/sampathcards-unveils-swipe-a-memory-for-life-this-avurudu-with-up-to-60-savings/,Alt_News
2026-03-31,DFCC.N0000,DFCC BANK ENGAGES EXPORT SECTOR AS GLOBAL TRADE CONDITIONS GROW MORE DEMANDING,"SRI LANKA’S EXPORTERS ARE ADJUSTING TO A DIFFERENT KIND OF GLOBAL ENVIRONMENT. COSTS ARE LESS PREDICTABLE, CURRENCIES ARE MOVING FASTER, AND TRADE ROUTES ARE NO LONGER AS STABLE AS THEY ONCE WERE. GRO",http://bizenglish.adaderana.lk/dfcc-bank-engages-export-sector-as-global-trade-conditions-grow-more-demanding/,Alt_News
2026-03-31,DIAL.N0000,DIALOG INTRODUCES SAMSUNG GALAXY S26 SERIES WITH AI-POWERED CAMERA AND 5G CONNECTIVITY,"DIALOG AXIATA PLC, SRI LANKA’S #1 CONNECTIVITY PROVIDER, ANNOUNCED THE AVAILABILITY OF THE SAMSUNG GALAXY S26 SERIES IN SRI LANKA THROUGH ITS RETAIL AND DIGITAL CHANNELS, BRINGING SAMSUNG’S LATEST FLA",http://bizenglish.adaderana.lk/dialog-introduces-samsung-galaxy-s26-series-with-ai-powered-camera-and-5g-connectivity/,Alt_News
2026-03-31,HAYL.N0000,HAYLEYS GROUP’S DIPPED PRODUCTS PLC CROWNED MOST OUTSTANDING EXPORTER AT NCE EXPORT AWARDS 2025,SPECIAL AWARD FOR HIGHEST NET FOREIGN EXCHANGE EARNER DIPPED PRODUCTS PLC (DPL) HAS BEEN NAMED THE OVERALL WINNER – MOST OUTSTANDING EXPORTER 2025 AT THE PRESTIGIOUS NATIONAL CHAMBER OF EXPORTERS (NCE,http://bizenglish.adaderana.lk/hayleys-groups-dipped-products-plc-crowned-most-outstanding-exporter-at-nce-export-awards-2025/,Alt_News
2026-03-31,JKH.N0000,JKCG AUTO ENCOURAGES SMART EV CHARGING IN BYD AND DENZA VEHICLES,"JOHN KEELLS CG AUTO (JKCG AUTO), THE SOLE AUTHORISED DISTRIBUTOR FOR BYD AND ITS PREMIUM SUB-BRAND DENZA IN SRI LANKA, IS ENCOURAGING CUSTOMERS TO ADOPT SMART CHARGING PRACTICES IN LINE WITH RECENT NA",http://bizenglish.adaderana.lk/jkcg-auto-encourages-smart-ev-charging-in-byd-and-denza-vehicles/,Alt_News
2026-03-31,NDB.N0000,NDB BANK SECURES TOP DOMESTIC RANKING AS SRI LANKA’S BEST TRADE FINANCE BANK AT EUROMONEY 2026,"NATIONAL DEVELOPMENT BANK PLC (NDB) HAS BEEN NAMED SRI LANKA’S BEST TRADE FINANCE BANK AT THE EUROMONEY AWARDS FOR EXCELLENCE 2026, SECURING THE #1 OVERALL DOMESTIC RANKING AMONG LOCAL BANKS. THIS PRE",http://bizenglish.adaderana.lk/ndb-bank-secures-top-domestic-ranking-as-sri-lankas-best-trade-finance-bank-at-euromoney-2026/,Alt_News
2026-03-30,DFCC.N0000,DFCC BANK LEADERSHIP HELPS SHAPE DIALOGUE AT APB CONVENTION 2026,"AS SRI LANKA’S BANKING SECTOR NAVIGATES AN INCREASINGLY COMPLEX ECONOMIC AND REGULATORY LANDSCAPE, INDUSTRY PLATFORMS THAT ENABLE THOUGHTFUL DIALOGUE HAVE BECOME MORE IMPORTANT THAN EVER. AT THE 36TH ",http://bizenglish.adaderana.lk/dfcc-bank-leadership-helps-shape-dialogue-at-apb-convention-2026/,Alt_News
2026-03-27,COMB.N0000,COMBANK FIRST TO ENABLE 3D SECURE AUTHENTICATION FOR LANKAPAY/JCB CARDS,THE COMMERCIAL BANK OF CEYLON HAS FURTHER STRENGTHENED ITS DIGITAL PAYMENTS LEADERSHIP BY BECOMING THE FIRST BANK IN SRI LANKA TO ENABLE 3D SECURE (3DS) AUTHENTICATION FOR E-COMMERCE TRANSACTIONS ON T,http://bizenglish.adaderana.lk/combank-first-to-enable-3d-secure-authentication-for-lankapay-jcb-cards/,Alt_News
2026-03-26,COMB.N0000,LANKAPAY TECHNNOVATION AWARDS 2026 CONCLUDES CELEBRATING EXCELLENCE IN INCLUSIVE FINTECH,"THE 8TH EDITION OF THE LANKAPAY TECHNNOVATION AWARDS 2026 CONCLUDED ON A HIGH NOTE, WITH COMMERCIAL BANK OF CEYLON PLC CLINCHING THE OVERALL GOLD AWARD FOR ‘EXCELLENCE IN DIGITAL PAYMENTS’ UNDER THE B",http://bizenglish.adaderana.lk/lankapay-technnovation-awards-2026-concludes-celebrating-excellence-in-inclusive-fintech/,Alt_News
2026-03-26,HAYL.N0000,HNB FINANCE AND HAYLEYS MOBILITY PARTNER TO STRENGTHEN SRI LANKA’S ELECTRIC VEHICLE ECOSYSTEM,"HNB FINANCE PLC HAS ENTERED INTO A STRATEGIC PARTNERSHIP WITH HAYLEYS MOBILITY LIMITED, THE MOBILITY ARM OF HAYLEYS FENTONS LIMITED TO SUPPORT THE EXPANSION OF SRI LANKA’S  NEW ENERGY VEHICLE (NEV) MA",http://bizenglish.adaderana.lk/hnb-finance-and-hayleys-mobility-partner-to-strengthen-sri-lankas-electric-vehicle-ecosystem/,Alt_News
2026-03-26,JKH.N0000,"SRI LANKA’S STOCKS TREND DOWN, CAPITAL GOODS PUSH TURNOVER","ECONOMYNEXT – SRI LANKA’S COLOMBO STOCK EXCHANGE WAS TRENDING DOWN BY MID-DAY THURSDAY, WITH CAPITAL GOODS PUSHING TURNOVER. THE ASPI WAS DOWN 1.45 PERCENT, OR 318.08, AT 21,550.77. THE S&P SL20 WAS D",https://economynext.com/sri-lankas-stocks-trend-down-capital-goods-push-turnover-265286/,Alt_News
2026-03-25,COMB.N0000,COMMERCIAL BANK WINS PUBLIC VOTE AS ‘PEOPLE’S PRIVATE BANK’ FOR 4TH YEAR RUNNING,"REAFFIRMING THE CONTINUED LOVE, TRUST, AND UNWAVERING SUPPORT OF THE PEOPLE OF SRI LANKA, COMMERCIAL BANK OF CEYLON HAS ONCE AGAIN BEEN VOTED THE ‘PEOPLE’S PRIVATE BANKING SERVICES BRAND OF THE YEAR,’",http://bizenglish.adaderana.lk/commercial-bank-wins-public-vote-as-peoples-private-bank-for-4th-year-running/,Alt_News
2026-03-25,SAMP.N0000,SIYAPATHA FINANCE PLC  DEBENTURE ISSUE OVERSUBSCRIBED,"SIYAPATHA FINANCE PLC, A SUBSIDIARY OF SAMPATH BANK PLC AND A PROMINENT LEADER IN SRI LANKA’S NON-BANKING FINANCIAL SECTOR, ANNOUNCES THE RESOUNDING SUCCESS OF ITS RECENT DEBENTURE ISSUANCE, WHICH REC",http://bizenglish.adaderana.lk/siyapatha-finance-plc-debenture-issue-oversubscribed-3/,Alt_News
2026-03-24,COMB.N0000,COMBANK EMPOWERS MOTHERS THROUGH RESTORATION OF HISTORIC DE SOYSA HOSPITAL MATERNITY WARD,"THE COMMERCIAL BANK OF CEYLON HAS UNDERTAKEN THE RENOVATION OF WARD NO. 03 AT THE HISTORIC DE SOYSA HOSPITAL FOR WOMEN IN CELEBRATION OF INTERNATIONAL WOMEN’S DAY, UNDERSCORING ITS ONGOING COMMITMENT ",http://bizenglish.adaderana.lk/combank-empowers-mothers-through-restoration-of-historic-de-soysa-hospital-maternity-ward/,Alt_News
2026-03-24,DIAL.N0000,"DIALOG SURPASSES 800+ 5G SITES, DRIVING SRI LANKA’S FASTEST 5G EXPANSION AND ADVANCING THE NATION’S DIGITAL FUTURE","DIALOG AXIATA PLC, SRI LANKA’S #1 CONNECTIVITY PROVIDER, HAS ANNOUNCED THE EXPANSION OF ITS 5G NETWORK TO OVER 800 LIVE SITES SPANNING 24 DISTRICTS, REINFORCING ITS COMMITMENT TO ACCELERATING NATIONWI",http://bizenglish.adaderana.lk/dialog-surpasses-800-5g-sites-driving-sri-lankas-fastest-5g-expansion-and-advancing-the-nations-digital-future/,Alt_News
2026-03-23,DFCC.N0000,DFCC BANK MAKES AVURUDU SPENDING GO FURTHER WITH 2026 CARD CAMPAIGN,"AS HOUSEHOLDS PREPARE FOR THE SINHALA AND TAMIL NEW YEAR DURING A PERIOD OF RISING LIVING COSTS, DFCC BANK HAS LAUNCHED ITS AVURUDU 2026 CARD CAMPAIGN, THEMED “THE MOST REWARDING SWIPE OF THE AVURUDU,",http://bizenglish.adaderana.lk/dfcc-bank-makes-avurudu-spending-go-further-with-2026-card-campaign/,Alt_News
2026-03-23,NDB.N0000,NDB’S GSS+ BOND ISSUANCE BREAKS NEW GROUND WITH RECORD LKR. 16 BN RAISED,"NATIONAL DEVELOPMENT BANK PLC (NDB) COMMEMORATED RAISING LKR. 16 BN WITH ITS FIRST EVER ISSUANCE OF BASEL III COMPLIANT GSS+ (GREEN, SOCIAL, SUSTAINABLE & SUSTAINABILITY LINKED) BONDS AND THE COUNTRY’",http://bizenglish.adaderana.lk/ndbs-gss-bond-issuance-breaks-new-ground-with-record-lkr-16-bn-raised/,Alt_News
2026-03-23,SAMP.N0000,SAMPATH BANK CHAMPIONS SME WOMEN ENTREPRENEURS THROUGH THE ‘UNSTOPPABLE WOMAN’ PROGRAMME,"IN RECOGNITION OF INTERNATIONAL WOMEN’S DAY 2026, SAMPATH BANK HOSTED ITS ENTREPRENEUR DEVELOPMENT PROGRAMME UNDER THE THEME ‘UNSTOPPABLE WOMAN’, BRINGING TOGETHER SME WOMEN ENTREPRENEURS FOR AN EVENI",http://bizenglish.adaderana.lk/sampath-bank-champions-sme-women-entrepreneurs-through-the-unstoppable-woman-programme/,Alt_News
2026-03-22,NDB.N0000,NDB’S GSS+ BOND ISSUANCE BREAKS NEW GROUND WITH RECORD LKR. 16 BN RAISED,"NATIONAL DEVELOPMENT BANK PLC (NDB) COMMEMORATED RAISING LKR. 16 BN WITH ITS FIRST EVER ISSUANCE OF BASEL III COMPLIANT GSS+ (GREEN, SOCIAL, SUSTAINABLE & SUSTAINABILITY LINKED) BONDS AND THE COUNTRY’",https://www.lankabusinessonline.com/2026/03/22/ndbs-gss-bond-issuance-breaks-new-ground-with-record-lkr-16-bn-raised/,Alt_News
2026-03-20,COMB.N0000,COMBANK CARDS OFFER UP TO 70% AVURUDU DISCOUNTS ACROSS THE WIDEST RANGE OF OUTLETS ISLAND-WIDE,"THE COMMERCIAL BANK OF CEYLON HAS LAUNCHED ITS MUCH-ANTICIPATED SEASONAL PROMOTION FOR THE SINHALA AND TAMIL NEW YEAR, OFFERING CREDIT AND DEBIT CARDHOLDERS DISCOUNTS OF UP TO 70% ACROSS AN EXTENSIVE ",http://bizenglish.adaderana.lk/combank-cards-offer-up-to-70-avurudu-discounts-across-the-widest-range-of-outlets-island-wide/,Alt_News
2026-03-20,DFCC.N0000,DFCC BANK RELEASES 13TH INTEGRATED ANNUAL REPORT “A DEFINING LEAP IN CUSTOMER-CENTRIC BANKING”,"DFCC BANK PLC HAS RELEASED ITS 13TH INTEGRATED ANNUAL REPORT FOR THE FINANCIAL YEAR ENDED 31 DECEMBER 2025, TITLED “A DEFINING LEAP IN CUSTOMER-CENTRIC BANKING.” THE REPORT OUTLINES THE BANK’S FINANCI",http://bizenglish.adaderana.lk/dfcc-bank-releases-13th-integrated-annual-report-a-defining-leap-in-customer-centric-banking/,Alt_News
2026-03-19,COMB.N0000,UN GLOBAL COMPACT NETWORK SRI LANKA SPEARHEADS CORPORATE SUSTAINABILITY ECOSYSTEM BUILDING WITH NEW PATRONS AND PARTNERS,"UN GLOBAL COMPACT NETWORK SRI LANKA (NETWORK SRI LANKA) CONVENED CORPORATE LEADERS AND PARTNERS YESTERDAY FOR A MEMORANDA OF UNDERSTANDING (MOU) SIGNING CEREMONY, WELCOMING NEW PATRONS AND ECOSYSTEM P",http://bizenglish.adaderana.lk/un-global-compact-network-sri-lanka-spearheads-corporate-sustainability-ecosystem-building-with-new-patrons-and-partners/,Alt_News
2026-03-19,SAMP.N0000,SAMPATH BANK’S COMMITMENT TO RESPONSIBLE BANKING REFLECTED IN ACCA RECOGNITION,"SAMPATH BANK PLC HAS BEEN RECOGNISED AS THE RUNNER UP IN THE BANKING CATEGORY AT THE ACCA SUSTAINABILITY REPORTING AWARDS 2025, HELD RECENTLY AT CINNAMON LIFE, COLOMBO. THE RECOGNITION WAS AWARDED FOR",http://bizenglish.adaderana.lk/sampath-banks-commitment-to-responsible-banking-reflected-in-acca-recognition/,Alt_News
2026-03-18,COMB.N0000,COMBANK BECOMES PATRON OF TWO WORKING GROUPS OF UNGC NETWORK SRI LANKA,"COMMITS SUPPORT TO ‘DIVERSITY & INCLUSION’ AND ‘WATER & OCEAN STEWARDSHIP’ GROUPS ENGAGEMENT STRENGTHENS BANK’S LEADERSHIP IN SUSTAINABILITY, ESG KNOWLEDGE SHARING AND RESPONSIBLE FINANCE THE COMMERCI",http://bizenglish.adaderana.lk/combank-becomes-patron-of-two-working-groups-of-ungc-network-sri-lanka/,Alt_News
2026-03-18,DFCC.N0000,DFCC ALOKA PARTNERS WITH CHRYSALIS TO STRENGTHEN WOMEN-LED ENTERPRISES ACROSS SRI LANKA,"DFCC BANK PLC (DFCC BANK), THROUGH ITS WOMEN-FOCUSED PROPOSITION DFCC ALOKA, HAS PARTNERED WITH CHRYSALIS TO EXPAND FINANCIAL ACCESS, BUSINESS CAPACITY, AND MARKET OPPORTUNITIES FOR WOMEN-LED MICRO, S",http://bizenglish.adaderana.lk/dfcc-aloka-partners-with-chrysalis-to-strengthen-women-led-enterprises-across-sri-lanka/,Alt_News
2026-03-18,MELS.N0000,MELSTA HOSPITALS – NITF PARTNERSHIP TO EXPAND HEALTHCARE ACCESS FOR AGRAHARA BENEFICIARIES,MELSTA HOSPITALS – A REPUTED HEALTHCARE PROVIDER SERVING THE COLOMBO AND GAMPAHA DISTRICTS AND A FULLY OWNED SUBSIDIARY OF MELSTACORP PLC – HAS OFFICIALLY ENTERED INTO A TRANSFORMATIVE PARTNERSHIP WIT,http://bizenglish.adaderana.lk/melsta-hospitals-nitf-partnership-to-expand-healthcare-access-for-agrahara-beneficiaries/,Alt_News
2026-03-17,HAYL.N0000,"SRI LANKA’S HAYLEYS FENTONS, INDIA’S JSL WINS BID TO BUILD MANNAR POWER LINE","FOR 2,269.18 MILLION RUPEES (EXCLUDING TAX)
",https://economynext.com/sri-lankas-hayleys-fentons-indias-jsl-wins-bid-to-build-mannar-power-line-264198/,Alt_News
2026-03-17,HAYL.N0000,HAYLEYS MOBILITY INTRODUCES PREMIUM OMODA C9 PHEV," IMPRESSIVE COMBINED DRIVING RANGE OF 1,100 KM HAYLEYS MOBILITY HAS INTRODUCED THE OMODA C9 PHEV AS AN EXCITING EXTENSION TO ITS NEW ENERGY VEHICLE PORTFOLIO, THE PREMIUM OJ (OMODA & JAECOO) RANGE IN ",http://bizenglish.adaderana.lk/hayleys-mobility-introduces-premium-omoda-c9-phev/,Alt_News
2026-03-17,HAYL.N0000,HAYLEYS FIBRE PLC APPOINTS RUWAN RAJAPAKSE AS MANAGING DIRECTOR,"HAYLEYS FIBRE PLC, SRI LANKA’S LEADING MANUFACTURER OF COIR FIBRE PRODUCTS AND THE FLAGSHIP OF THE HAYLEYS GROUP’S ECO SOLUTIONS SECTOR, ANNOUNCED THE APPOINTMENT OF RUWAN RAJAPAKSE AS MANAGING DIRECT",http://bizenglish.adaderana.lk/hayleys-fibre-plc-appoints-ruwan-rajapakse-as-managing-director/,Alt_News
2026-03-17,JKH.N0000,CINNAMON HOTELS & RESORTS HONOURED AT THE TAGS AWARDS 2026,"CINNAMON HOTELS & RESORTS RECEIVED MULTIPLE ACCOLADES AT THE TAGS AWARDS 2026, DIAMOND CHAPTER, MARKING ANOTHER STRONG YEAR FOR REPORTING ACROSS ITS LISTED ENTITIES. JOHN KEELLS HOTELS PLC WAS ALSO NA",http://bizenglish.adaderana.lk/cinnamon-hotels-resorts-honoured-at-the-tags-awards-2026/,Alt_News
2026-03-17,KHL.N0000,CINNAMON HOTELS & RESORTS HONOURED AT THE TAGS AWARDS 2026,"CINNAMON HOTELS & RESORTS RECEIVED MULTIPLE ACCOLADES AT THE TAGS AWARDS 2026, DIAMOND CHAPTER, MARKING ANOTHER STRONG YEAR FOR REPORTING ACROSS ITS LISTED ENTITIES. JOHN KEELLS HOTELS PLC WAS ALSO NA",http://bizenglish.adaderana.lk/cinnamon-hotels-resorts-honoured-at-the-tags-awards-2026/,Alt_News
2026-03-16,DFCC.N0000,DFCC ICONNECT STRENGTHENS DIGITAL BANKING ECOSYSTEM THROUGH STRATEGIC PARTNERSHIP WITH BLUE LOTUS 360,"DFCC BANK PLC (DFCC BANK) HAS FURTHER STRENGTHENED ITS CORPORATE DIGITAL BANKING ECOSYSTEM THROUGH DFCC ICONNECT BY ENTERING INTO A STRATEGIC PARTNERSHIP WITH BLUE LOTUS 360, A LEADING ERP SOLUTIONS P",http://bizenglish.adaderana.lk/dfcc-iconnect-strengthens-digital-banking-ecosystem-through-strategic-partnership-with-blue-lotus-360/,Alt_News
2026-03-16,SAMP.N0000,"SIYAPATHA FINANCE PLC TO ISSUE LKR 3.75 BILLION DEBENTURES, REINFORCING COMMITMENT TO GROWTH","SIYAPATHA FINANCE PLC, THE LARGEST SUBSIDIARY OF SAMPATH BANK PLC AND A PROMINENT LEADER DISTINGUISHED IN SRI LANKA’S NON-BANK FINANCIAL SECTOR, ANNOUNCED ITS DECISION TO RAISE A MAXIMUM OF RS. 3.75 B",http://bizenglish.adaderana.lk/siyapatha-finance-plc-to-issue-lkr-3-75-billion-debentures-reinforcing-commitment-to-growth/,Alt_News
2026-03-16,SPEN.N0000,"AITKEN SPENCE TRAVELS ACHIEVES PRESTIGIOUS GSTC CERTIFICATION, SETTING A NEW BENCHMARK FOR SUSTAINABLE TOURISM IN SRI LANKA","AITKEN SPENCE TRAVELS, SRI LANKA’S LEADING DESTINATION MANAGEMENT COMPANY, IS DELIGHTED TO ANNOUNCE THE ACHIEVEMENT OF THE INTERNATIONALLY RECOGNIZED CERTIFICATION FROM THE GLOBAL SUSTAINABLE TOURISM ",http://bizenglish.adaderana.lk/aitken-spence-travels-achieves-prestigious-gstc-certification-setting-a-new-benchmark-for-sustainable-tourism-in-sri-lanka/,Alt_News
2026-03-13,COMB.N0000,SRI LANKA COMMERCIAL BANKS EXHAUST MSME LOAN QUOTAS; MINISTRY TO ALLOCATE NEW FUNDS,"COMMERCIAL BANK, HNB, AND NDB HAVE EXHAUSTED THEIR LOAN QUOTAS, MINISTER SAID
",https://economynext.com/sri-lanka-commercial-banks-exhaust-msme-loan-quotas-ministry-to-allocate-new-funds-263835/,Alt_News
2026-03-13,DFCC.N0000,DFCC BANK’S PIONEERING BLUE BOND GAINS GLOBAL RECOGNITION WITH MULTIPLE INTERNATIONAL LISTINGS,DFCC BANK PLC HAS ACHIEVED ANOTHER SIGNIFICANT MILESTONE IN SRI LANKA’S SUSTAINABLE FINANCE JOURNEY WITH THE SUPPLEMENTARY INTERNATIONAL LISTING OF ITS PIONEERING BLUE BOND ON THE LUXEMBOURG STOCK EXC,http://bizenglish.adaderana.lk/dfcc-banks-pioneering-blue-bond-gains-global-recognition-with-multiple-international-listings/,Alt_News
2026-03-13,DFCC.N0000,"WHEN THE LEOPARD MOVES, THE FOREST BREATHES","~AN EVENING AT DFCC BANK TURNS ATTENTION TO THE FRAGILE BALANCE OF SRI LANKA’S WILDERNESS~ THE SRI LANKAN LEOPARD RARELY ANNOUNCES ITSELF. IT MOVES THROUGH FORESTS QUIETLY, A SHADOW BETWEEN TREES, A F",http://bizenglish.adaderana.lk/when-the-leopard-moves-the-forest-breathes/,Alt_News
2026-03-13,DIAL.N0000,DIALOG INTRODUCES OSCAL TIGER 8 5G TO EXPAND AFFORDABLE 5G ACCESS IN SRI LANKA,"DIALOG AXIATA PLC, SRI LANKA’S #1 CONNECTIVITY PROVIDER, ANNOUNCED THE INTRODUCTION OF THE OSCAL TIGER 8 5G, FURTHER EXPANDING ACCESS TO NEXT-GENERATION MOBILE CONNECTIVITY ACROSS THE COUNTRY. POSITIO",http://bizenglish.adaderana.lk/dialog-introduces-oscal-tiger-8-5g-to-expand-affordable-5g-access-in-sri-lanka/,Alt_News
2026-03-13,JKH.N0000,SRI LANKA’S JOHN KEELLS SELLS CINNAMON CITADEL FOR RS2.7BN,"JOHN KEELLS HOTELS WILL MAINTAIN ITS CURRENT BRANDING AND MANAGEMENT FOR AT LEAST ONE YEAR 
",https://economynext.com/sri-lankas-john-keells-sells-cinnamon-citadel-for-rs2-7bn-263839/,Alt_News
2026-03-13,JKH.N0000,JOHN KEELLS HOTELS PLC TO DIVEST CINNAMON CITADEL IN RS. 2.77 BILLION DEAL WITH DEDIGAMA GROUP,"JOHN KEELLS HOTELS PLC HAS ENTERED INTO AN AGREEMENT TO DIVEST ITS CONTROLLING STAKE IN THE COMPANY THAT OWNS THE WELL-KNOWN CINNAMON CITADEL IN KANDY. IN A DISCLOSURE TO THE COLOMBO STOCK EXCHANGE, J",http://bizenglish.adaderana.lk/john-keells-hotels-plc-to-divest-cinnamon-citadel-in-rs-2-77-billion-deal-with-dedigama-group/,Alt_News
2026-03-13,KHL.N0000,SRI LANKA’S JOHN KEELLS SELLS CINNAMON CITADEL FOR RS2.7BN,"JOHN KEELLS HOTELS WILL MAINTAIN ITS CURRENT BRANDING AND MANAGEMENT FOR AT LEAST ONE YEAR 
",https://economynext.com/sri-lankas-john-keells-sells-cinnamon-citadel-for-rs2-7bn-263839/,Alt_News
2026-03-13,KHL.N0000,JOHN KEELLS HOTELS PLC TO DIVEST CINNAMON CITADEL IN RS. 2.77 BILLION DEAL WITH DEDIGAMA GROUP,"JOHN KEELLS HOTELS PLC HAS ENTERED INTO AN AGREEMENT TO DIVEST ITS CONTROLLING STAKE IN THE COMPANY THAT OWNS THE WELL-KNOWN CINNAMON CITADEL IN KANDY. IN A DISCLOSURE TO THE COLOMBO STOCK EXCHANGE, J",http://bizenglish.adaderana.lk/john-keells-hotels-plc-to-divest-cinnamon-citadel-in-rs-2-77-billion-deal-with-dedigama-group/,Alt_News
2026-03-13,NDB.N0000,NDB RAISES SRI LANKA’S LARGEST BASEL III-COMPLIANT THEMATIC BOND,NATIONAL DEVELOPMENT BANK PLC (NDB/ THE BANK) RECENTLY ANNOUNCED THAT IT SUCCESSFULLY RAISED LKR 16.0 BILLION THROUGH THE ISSUANCE OF BASEL III-COMPLIANT TIER II RATED UNSECURED SUBORDINATED REDEEMABL,http://bizenglish.adaderana.lk/ndb-raises-sri-lankas-largest-basel-iii-compliant-thematic-bond/,Alt_News
2026-03-13,SAMP.N0000,SAMPATH BANK AND APARTNER BRING DIGITAL PAYMENTS TO SRI LANKA’S GROWING CONDOMINIUM SECTOR,"SRI LANKA’S CONDOMINIUM LANDSCAPE CONTINUES TO EXPAND AT PACE, RESHAPING URBAN LIVING ACROSS THE COUNTRY, YET MANY RESIDENTIAL COMMUNITIES STILL RELY ON MANUAL PAYMENT METHODS THAT SLOW DOWN COLLECTIO",http://bizenglish.adaderana.lk/sampath-bank-and-apartner-bring-digital-payments-to-sri-lankas-growing-condominium-sector/,Alt_News
2026-03-12,JKH.N0000,JOHN KEELLS LOGISTICS EXPANDS STRATEGIC ENGAGEMENT WITH CWIT THROUGH INTER-TERMINAL TRANSPORT OPERATIONS,"JOHN KEELLS LOGISTICS (PVT) LTD (JKLL), ONE OF SRI LANKA’S LEADING THIRD-PARTY LOGISTICS SOLUTIONS PROVIDERS, HAS SUCCESSFULLY EXPANDED ITS OPERATIONAL ENGAGEMENT WITH COLOMBO WEST INTERNATIONAL TERMI",http://bizenglish.adaderana.lk/john-keells-logistics-expands-strategic-engagement-with-cwit-through-inter-terminal-transport-operations/,Alt_News
2026-03-11,DFCC.N0000,SRI LANKA’S DFCC BANK TO LIST BLUE BOND ON LUXEMBOURG EXCHANGE,"THE BOND WAS ALSO LISTED ON THE INDIA INTERNATIONAL EXCHANGE (IFSC) LIMITED (INDIA INX), GIFT CITY, INDIA ON MARCH 10.
",https://economynext.com/sri-lankas-dfcc-bank-to-list-blue-bond-on-luxembourg-exchange-263738/,Alt_News
2026-03-11,HAYL.N0000,HAYLEYS MOBILITY AND KAIYI AUTO INTRODUCE THE AFFORDABLE AND FULLY ELECTRIC KAIYI EVIBE TO SRI LANKA,"AVAILABLE IN A RANGE OF COLOURS, WITH CUSTOMISABLE OPTIONS TO SUIT INDIVIDUAL PREFERENCES COMPLIMENTARY 3KW SOLAR SYSTEM FOR THE FIRST 100 CUSTOMERS HAYLEYS MOBILITY LIMITED, THE MOBILITY ARM OF HAYLE",http://bizenglish.adaderana.lk/hayleys-mobility-and-kaiyi-auto-introduce-the-affordable-and-fully-electric-kaiyi-evibe-to-sri-lanka/,Alt_News
2026-03-11,JKH.N0000,"SRI LANKANS EYE EVS AND HYBRIDS AMID RISING FUEL COSTS, BYD’S LOCAL AGENT SAYS","BYD SEALION 8, A HYBRID 7-SEATER SUV, LAUNCHED IN COLOMBO BY JOHN KEELLS CG AUTO
",https://economynext.com/sri-lankans-eye-evs-and-hybrids-amid-rising-fuel-costs-byds-local-agent-says-263643/,Alt_News
2026-03-11,JKH.N0000,BYD’S SEVEN-SEATER SUV BYD SEALION 8 MAKES ITS SOUTH ASIAN DEBUT IN SRI LANKA,"SRI LANKA’S MOST POPULAR NEV BRAND, BYD, IN PARTNERSHIP WITH ITS AUTHORISED DISTRIBUTOR JOHN KEELLS CG AUTO (JKCG AUTO), OFFICIALLY LAUNCHED THE BYD SEALION 8 ON MARCH 10TH 2026. UNVEILED AT A SPECIAL",http://bizenglish.adaderana.lk/byds-seven-seater-suv-byd-sealion-8-makes-its-south-asian-debut-in-sri-lanka/,Alt_News
2026-03-10,COMB.N0000,COMBANK PARTNERS IDEAL MOTORS TO OFFER SPECIAL LEASING PACKAGES FOR MAHINDRA XUV 3XO,"DRIVEN BY ITS COMMITMENT TO ENHANCING CUSTOMER LIFESTYLES AND MAKING QUALITY MOBILITY SOLUTIONS MORE ACCESSIBLE, THE COMMERCIAL BANK OF CEYLON HAS ENTERED INTO A STRATEGIC PARTNERSHIP WITH IDEAL MOTOR",http://bizenglish.adaderana.lk/combank-partners-ideal-motors-to-offer-special-leasing-packages-for-mahindra-xuv-3xo/,Alt_News
2026-03-10,CTC.N0000,NISHANGA DISSANAYAKE WINS PRESTIGIOUS CTC CHAIRMAN’S AWARD,"CEYLON TOBACCO COMPANY PLC (CTC) RECENTLY HELD ITS ANNUAL AWARDS CEREMONY AT HILTON COLOMBO, WHERE THE COMPANY’S HIGHEST HONOUR, THE ‘CHAIRMAN’S AWARD 2025,’ WAS BESTOWED ON NISHANGA DISSANAYAKE, CUST",http://bizenglish.adaderana.lk/nishanga-dissanayake-wins-prestigious-ctc-chairmans-award/,Alt_News
2026-03-10,DFCC.N0000,DFCC BANK INTRODUCES FINGERPRINT-BASED LIFE CERTIFICATE VERIFICATION FOR PENSIONERS,"DFCC BANK PLC, UNDER ITS GARUSARU PROPOSITION FOR SENIOR CITIZENS AND IN COLLABORATION WITH THE DEPARTMENT OF PENSIONS, HAS INTRODUCED A SIMPLIFIED BIOMETRIC PROCESS THAT ENABLES ELIGIBLE GOVERNMENT P",http://bizenglish.adaderana.lk/dfcc-bank-introduces-fingerprint-based-life-certificate-verification-for-pensioners/,Alt_News
2026-03-10,NDB.N0000,NDB PARTNERS WITH HOME LANDS AT THE PROPERTY INVESTMENT ROADSHOW 2026 TO POWER THE NEXT WAVE OF REAL ESTATE INVESTMENT,"NATIONAL DEVELOPMENT BANK PLC (NDB) PROUDLY PARTNERED WITH HOME LANDS GROUP AS A KEY BANKING PARTNER AT THE HOME LANDS PROPERTY INVESTMENT ROADSHOW 2026 : ROAD TO YOUR NEXT INVESTMENT, HELD RECENTLY A",http://bizenglish.adaderana.lk/ndb-partners-with-home-lands-at-the-property-investment-roadshow-2026-to-power-the-next-wave-of-real-estate-investment/,Alt_News
2026-03-09,DIAL.N0000,DIALOG MARKS INTERNATIONAL WOMEN’S DAY WITH LAUNCH OF 24/7 TRILINGUAL AI CHAT & VOICE SUPPORT ON YEHELI.LK,"BRINGING WELLBEING GUIDANCE CLOSER TO EVERY SRI LANKAN THROUGH RESPONSIBLE AI INNOVATION DIALOG AXIATA PLC, SRI LANKA’S #1 CONNECTIVITY PROVIDER, HAS INTRODUCED A NEW AI-POWERED CHAT & VOICE BOT ON YE",http://bizenglish.adaderana.lk/dialog-marks-international-womens-day-with-launch-of-24-7-trilingual-ai-chat-voice-support-on-yeheli-lk/,Alt_News
2026-03-09,JKH.N0000,JOHN KEELLS FOUNDATION MARKS INTERNATIONAL WOMEN’S DAY BY CELEBRATING SUCCESS STORIES OF WOMEN EMPOWERED,"“I BEGAN MUSHROOM CULTIVATION FOR MY MENTAL WELLBEING, NOT EXPECTING IT TO BECOME A BUSINESS,” SAID INDIKA LASANTHI, A MUSHROOM CULTIVATOR UNDER THE JOHN KEELLS PRAJA SHAKTHI LIVELIHOOD PROGRAMME IN J",http://bizenglish.adaderana.lk/john-keells-foundation-marks-international-womens-day-by-celebrating-success-stories-of-women-empowered/,Alt_News
2026-03-06,JKH.N0000,"835 BYD ATTO 1S LAND IN SRI LANKA, OPENING NEVS TO A WIDER MARKET","JOHN KEELLS CG AUTO (JKCG AUTO), THE AUTHORISED DISTRIBUTOR OF BYD IN SRI LANKA, HAS ANNOUNCED THE ARRIVAL OF 835 UNITS OF THE BYD ATTO 1, THE LARGEST SINGLE CONSIGNMENT OF THE MODEL SINCE ITS INTRODU",http://bizenglish.adaderana.lk/835-byd-atto-1s-land-in-sri-lanka-opening-nevs-to-a-wider-market/,Alt_News
2026-03-06,NDB.N0000,NDB BANK PARTNERS WITH CINNAMON LAKESIDE COLOMBO AS EXCLUSIVE BANKING PARTNER FOR CHINESE NEW YEAR CELEBRATIONS,"NATIONAL DEVELOPMENT BANK PLC (NDB) PROUDLY PARTNERED WITH CINNAMON LAKESIDE COLOMBO AS THE EXCLUSIVE BANKING PARTNER AND MAIN PARTNER FOR ITS VIBRANT CHINESE NEW YEAR CELEBRATIONS, HELD FROM 25TH FEB",http://bizenglish.adaderana.lk/ndb-bank-partners-with-cinnamon-lakeside-colombo-as-exclusive-banking-partner-for-chinese-new-year-celebrations/,Alt_News
2026-03-05,COMB.N0000,COMMERCIAL BANK TAKES STATE-OF-THE-ART BANKING TO KALUWANCHIKUDY,"COMMITTED TO DELIVERING CONVENIENT BANKING SOLUTIONS FOR ALL, THE COMMERCIAL BANK OF CEYLON HAS EXPANDED ITS FOOTPRINT TO KALUWANCHIKUDY, WITH THE OPENING OF ITS NEWEST BRANCH IN THIS SCENIC COASTAL T",http://bizenglish.adaderana.lk/commercial-bank-takes-state-of-the-art-banking-to-kaluwanchikudy/,Alt_News
2026-03-05,DIAL.N0000,ERICSSON SIGNS AGREEMENT WITH DIALOG AXIATA TO DEPLOY 5G RAN IN SRI LANKA,ERICSSON TO SUPPORT 5G RAN IMPLEMENTATION OVER THE 3.5 GHZ SPECTRUM AS PART OF DIALOG’S 5G ROLLOUTFOCUS WILL BE ON ENABLING ENTERPRISE SERVICES AND NATIONWIDE 5G EXPANSION ERICSSON (NASDAQ: ERIC) HAS ,http://bizenglish.adaderana.lk/ericsson-signs-agreement-with-dialog-axiata-to-deploy-5g-ran-in-sri-lanka/,Alt_News
2026-03-05,TKYO.N0000,TOKYO CEMENT CROWNS TOP PERFORMERS AT 2026 DEALER CONVENTION,TOKYO CEMENT COMPANY (LANKA) PLC RECOGNISED THEIR TOP DEALERS FOR OUTSTANDING PERFORMANCE AT THE ANNUAL DEALER CONVENTION HELD AT THE SHANGRI-LA COLOMBO. CITY HARDWARE & STORES-JAFFNA WALKED AWAY WITH,http://bizenglish.adaderana.lk/tokyo-cement-crowns-top-performers-at-2026-dealer-convention/,Alt_News
2026-03-04,COMB.N0000,COMBANK HONOURED AS A LEADER IN SUSTAINABILITY REPORTING AT ACCA AWARDS,"ADJUDGED NO. 1 IN BANKING SECTOR ONCE AGAIN AND RECOGNISED AS OVERALL RUNNER-UP RECOGNISING COMMERCIAL BANK’S UNWAVERING COMMITMENT TO AND STRATEGIC FOCUS ON BUILDING A SUSTAINABLE FUTURE, THE BANK HA",http://bizenglish.adaderana.lk/combank-honoured-as-a-leader-in-sustainability-reporting-at-acca-awards/,Alt_News
2026-03-03,DFCC.N0000,DFCC BANK’S BLUE BOND ADMITTED TO NSE INTERNATIONAL EXCHANGE,~MARKS A GLOBAL FIRST FOR SRI LANKA~ DFCC BANK PLC (DFCC BANK) HAS COMPLETED THE SUPPLEMENTARY INTERNATIONAL LISTING OF SRI LANKA’S FIRST-EVER BLUE BOND ON THE NSE INTERNATIONAL EXCHANGE (NSEIX) AT GI,http://bizenglish.adaderana.lk/dfcc-banks-blue-bond-admitted-to-nse-international-exchange/,Alt_News
2026-03-03,HAYL.N0000,SRI LANKA’S HAYLEYS RS7BN DEBT ISSUE ASSIGNED ‘AAA(LKA)’ BY FITCH RATINGS,"THE DEBENTURES ARE RATED IN LINE WITH HAYLEYS’ NATIONAL LONG-TERM RATING AND EXISTING UNSECURED NOTES. 
",https://economynext.com/sri-lankas-hayleys-rs7bn-debt-issue-assigned-aaalka-by-fitch-ratings-262737/,Alt_News
